Title,Company,Location,Link,Date
Python Software Engineer,featured,"Amsterdam, Netherlands",https://stackoverflow.com/jobs/286140,22d ago
Senior Software Engineer (Python),HealthJoy,"Kyiv, Ukraine",https://stackoverflow.com/jobs/457700,5d ago
Software Developer (Python),Nexthink,"Prilly, Switzerland",https://stackoverflow.com/jobs/471159,30d ago
Full Stack Engineer - Javascript/Python,Zumper,"Providence, RI",https://stackoverflow.com/jobs/446582,10h ago
Senior Software Engineer - Python,YouGov,"Warsaw, Poland",https://stackoverflow.com/jobs/422635,14d ago
Senior Backend Engineer (Python/Django),NewtonX,"New York, NY",https://stackoverflow.com/jobs/470973,4h ago
Backend Engineer (Python),Zattoo,"Berlin, Germany",https://stackoverflow.com/jobs/472439,26d ago
Python Software Developer,"Old Mission Capital, LLC","Chicago, IL",https://stackoverflow.com/jobs/237203,2d ago
Python Developer,Acolyte Group,"Chennai, India",https://stackoverflow.com/jobs/482727,7d ago
Software Engineering - Python,"JPMorgan Chase Bank, N.A.","Hyderabad, India",https://stackoverflow.com/jobs/474816,21d ago
Mid-level Python and Django software developer,Eligible.ai,"London, UK",https://stackoverflow.com/jobs/447951,3d ago
Senior Python Back End Engineer (Remote),Loadsmart,No office location,https://stackoverflow.com/jobs/430974,19h ago
Mid-Level Backend Software Engineer (Python / Django),"Tivix, Inc.","Wrocław, Poland",https://stackoverflow.com/jobs/420639,11d ago
Software Engineer - Python Developer,"JPMorgan Chase Bank, N.A.","Buenos Aires, Argentina",https://stackoverflow.com/jobs/485663,8h ago
Experienced Full-Stack Engineer (Python/Django),CareSolace Inc.,"Encinitas, CA",https://stackoverflow.com/jobs/452576,22d ago
Senior Backend Engineer (Python/Django),Financial Technology Partners,"San Francisco, CA",https://stackoverflow.com/jobs/446918,6d ago
Senior Python Engineer,Bulb Energy,"London, UK",https://stackoverflow.com/jobs/396265,21d ago
Senior Python Developer,scoutbee GmbH,"Berlin, Germany",https://stackoverflow.com/jobs/432930,8d ago
Python Developer,YouGov,No office location,https://stackoverflow.com/jobs/463034,20d ago
Python Web Developer,RavenPack International SL.,"Marbella, Spain",https://stackoverflow.com/jobs/470988,30d ago
Python Software Engineer - Glasgow - Associate,"JPMorgan Chase Bank, N.A.","Glasgow, UK",https://stackoverflow.com/jobs/481471,9d ago
Senior Software Engineer Backend Python (m/f/d),BASF,"Köln, Deutschland",https://stackoverflow.com/jobs/466263,12d ago
Senior Software Developer Python (m/f/d),Ströer Online Marketing,"Hamburg, Deutschland",https://stackoverflow.com/jobs/462625,21d ago
Python Developer,Octopus Energy,"London, UK",https://stackoverflow.com/jobs/468269,7d ago
"Fullstack Software Engineer (JavaScript, Python)",F-Secure,"Poznań, Poland",https://stackoverflow.com/jobs/470808,13h ago
